City_ID,City,Lat,Lng,Max Temp,Humidity,Cloudiness,Wind Speed,Country,Date
0,Tres Picos,15.8667,-93.5333,78.04,65,2,3.96,MX,2021-04-19 05:27:17
1,Kahului,20.8947,-156.47,73.4,83,40,13.8,US,2021-04-19 05:27:18
2,Hithadhoo,-0.6,73.0833,82.69,67,82,5.3,MV,2021-04-19 05:27:18
3,Khandyga,62.6667,135.6,30.56,95,100,6.67,RU,2021-04-19 05:27:18
4,Yellowknife,62.456,-114.3525,30.2,74,75,3.44,CA,2021-04-19 05:27:19
5,Lavumisa,-27.31,31.892,57.38,88,0,3.96,SZ,2021-04-19 05:27:19
6,Nikolskoye,59.7035,30.7861,43.0,61,0,6.71,RU,2021-04-19 05:27:20
7,Mataura,-46.1927,168.8643,59.0,79,37,3.0,NZ,2021-04-19 05:27:20
8,Saskylakh,71.9167,114.0833,9.86,85,96,11.72,RU,2021-04-19 05:27:20
9,Punta Arenas,-53.15,-70.9167,44.6,87,0,3.44,CL,2021-04-19 05:27:21
10,Busselton,-33.65,115.3333,68.0,80,63,1.01,AU,2021-04-19 05:27:21
11,Marsh Harbour,26.5412,-77.0636,76.95,82,67,14.5,BS,2021-04-19 05:27:22
12,Chokurdakh,70.6333,147.9167,13.82,88,29,9.6,RU,2021-04-19 05:27:22
13,Guadalupe Y Calvo,26.1,-106.9667,39.29,75,4,3.6,MX,2021-04-19 05:27:23
14,Castro,-24.7911,-50.0119,55.17,95,40,6.04,BR,2021-04-19 05:23:12
15,Vaini,-21.2,-175.2,78.8,83,20,5.75,TO,2021-04-19 05:27:23
16,Cape Town,-33.9258,18.4232,63.0,88,0,23.02,ZA,2021-04-19 05:22:38
17,Carnarvon,-24.8667,113.6333,79.59,52,0,18.16,AU,2021-04-19 05:27:24
18,Bredasdorp,-34.5322,20.0403,62.6,82,100,12.66,ZA,2021-04-19 05:27:24
19,Pasighat,28.0667,95.3333,74.19,69,96,3.67,IN,2021-04-19 05:27:24
20,Puerto Ayora,-0.7393,-90.3518,73.99,97,100,1.01,EC,2021-04-19 05:27:25
21,Esperance,-33.8667,121.9,73.4,49,47,14.97,AU,2021-04-19 05:27:25
22,Colares,38.7992,-9.4469,59.0,86,74,7.0,PT,2021-04-19 05:27:26
23,Nyurba,63.2842,118.3319,21.45,70,100,6.38,RU,2021-04-19 05:27:26
24,Port Elizabeth,-33.918,25.5701,66.2,82,75,26.46,ZA,2021-04-19 05:27:26
25,Albany,42.6001,-73.9662,45.0,87,78,3.78,US,2021-04-19 05:27:27
26,Moose Factory,51.2585,-80.6094,37.4,64,90,9.22,CA,2021-04-19 05:27:27
27,Fort Frances,48.5999,-93.4003,28.99,74,90,17.27,CA,2021-04-19 05:24:34
28,Broome,42.2506,-75.833,44.6,70,90,3.04,US,2021-04-19 05:27:28
29,Omboue,-1.5746,9.2618,77.76,88,100,1.01,GA,2021-04-19 05:27:28
30,Agadez,19.75,10.25,77.31,8,86,0.63,NE,2021-04-19 05:27:28
31,Barrow,71.2906,-156.7887,28.4,69,1,9.22,US,2021-04-19 05:27:29
32,Rikitea,-23.1203,-134.9692,78.13,70,7,4.38,PF,2021-04-19 05:27:29
33,Myitkyina,25.3833,97.4,95.65,27,6,2.33,MM,2021-04-19 05:27:30
34,Bluff,-46.6,168.3333,59.0,79,79,3.0,NZ,2021-04-19 05:27:30
35,New Norfolk,-42.7826,147.0587,64.99,49,91,7.0,AU,2021-04-19 05:27:30
36,Arraial Do Cabo,-22.9661,-42.0278,74.79,82,93,14.58,BR,2021-04-19 05:27:31
37,Kayerkan,69.3497,87.7602,-1.03,94,69,8.79,RU,2021-04-19 05:27:31
38,Faanui,-16.4833,-151.75,82.9,69,0,13.33,PF,2021-04-19 05:27:32
39,Samarai,-10.6167,150.6667,84.45,71,60,12.91,PG,2021-04-19 05:27:32
40,Tahta,26.7693,31.5021,82.4,27,0,6.91,EG,2021-04-19 05:27:33
41,Atuona,-9.8,-139.0333,80.15,80,21,19.04,PF,2021-04-19 05:27:33
42,Nantucket,41.2835,-70.0995,46.4,87,1,10.36,US,2021-04-19 05:27:33
43,Ixtapa,20.7,-105.2,73.4,78,1,2.55,MX,2021-04-19 05:27:34
44,Ribeira Grande,38.5167,-28.7,61.45,88,74,9.24,PT,2021-04-19 05:27:34
45,Severo-Kurilsk,50.6789,156.125,35.71,97,100,29.93,RU,2021-04-19 05:27:35
46,Launceston,-41.45,147.1667,61.0,59,90,19.57,AU,2021-04-19 05:27:35
47,Tuatapere,-46.1333,167.6833,59.0,79,88,3.0,NZ,2021-04-19 05:27:35
48,Constantine,36.365,6.6147,32.0,93,0,1.14,DZ,2021-04-19 05:27:36
49,Guerrero Negro,27.9769,-114.0611,60.19,88,0,10.51,MX,2021-04-19 05:27:36
50,Jamestown,42.097,-79.2353,43.0,87,75,6.91,US,2021-04-19 05:27:36
51,Souillac,-20.5167,57.5167,80.6,83,75,11.5,MU,2021-04-19 05:27:37
52,Saint-Philippe,-21.3585,55.7679,77.0,83,75,16.11,RE,2021-04-19 05:27:37
53,Kapaa,22.0752,-159.319,73.4,68,20,11.5,US,2021-04-19 05:27:38
54,Pisco,-13.7,-76.2167,66.2,82,0,3.44,PE,2021-04-19 05:27:38
55,Airai,-8.9266,125.4092,73.85,45,68,2.75,TL,2021-04-19 05:27:38
56,Batticaloa,7.7102,81.6924,86.04,65,75,6.76,LK,2021-04-19 05:27:39
57,Ostrovnoy,68.0531,39.5131,32.92,83,100,19.26,RU,2021-04-19 05:27:39
58,Faya,18.3851,42.4509,68.0,25,0,5.75,SA,2021-04-19 05:27:39
59,Kaitangata,-46.2817,169.8464,64.99,51,25,3.0,NZ,2021-04-19 05:27:40
60,East London,-33.0153,27.9116,71.6,30,0,17.27,ZA,2021-04-19 05:27:40
61,Saint-Pierre,-21.3393,55.4781,77.0,83,75,16.11,RE,2021-04-19 05:27:41
62,Ponta Do Sol,32.6667,-17.1,57.0,74,4,5.01,PT,2021-04-19 05:27:41
63,Moose Jaw,50.4001,-105.5344,19.4,79,84,4.61,CA,2021-04-19 05:27:42
64,Kruisfontein,-34.0033,24.7314,66.99,78,62,13.76,ZA,2021-04-19 05:27:42
65,Georgetown,5.4112,100.3354,91.0,66,40,8.05,MY,2021-04-19 05:27:42
66,Plymouth,41.8334,-70.8328,46.0,87,90,4.29,US,2021-04-19 05:27:43
67,Mount Isa,-20.7333,139.5,87.8,22,5,5.75,AU,2021-04-19 05:27:43
68,Lasa,46.6166,10.7002,37.99,100,20,8.05,IT,2021-04-19 05:27:44
69,Cochrane,51.1834,-114.4687,27.0,80,90,4.61,CA,2021-04-19 05:24:36
70,Manggar,-2.8833,108.2667,86.32,61,92,9.55,ID,2021-04-19 05:27:44
71,Antofagasta,-23.65,-70.4,62.6,77,90,2.3,CL,2021-04-19 05:18:27
72,Hualmay,-11.0964,-77.6139,67.03,87,71,6.53,PE,2021-04-19 05:27:45
73,Klaksvik,62.2266,-6.589,39.2,93,20,2.3,FO,2021-04-19 05:27:45
74,Xichang,27.8964,102.2634,78.94,30,31,8.37,CN,2021-04-19 05:27:46
75,Port Macquarie,-31.4333,152.9167,73.0,51,0,1.99,AU,2021-04-19 05:27:46
76,Tiksi,71.6872,128.8694,12.85,80,94,10.04,RU,2021-04-19 05:27:46
77,Khatanga,71.9667,102.5,6.21,86,95,8.41,RU,2021-04-19 05:27:47
78,Muros,42.7762,-9.0603,53.01,91,100,3.24,ES,2021-04-19 05:27:47
79,Belmonte,-15.8631,-38.8828,73.4,88,20,4.61,BR,2021-04-19 05:27:47
80,Yar-Sale,66.8333,70.8333,8.42,92,88,8.79,RU,2021-04-19 05:27:48
81,Grindavik,63.8424,-22.4338,32.0,86,40,1.14,IS,2021-04-19 05:27:48
82,Provideniya,64.3833,-173.3,32.0,69,0,4.47,RU,2021-04-19 05:27:49
83,Ushuaia,-54.8,-68.3,50.0,76,90,3.44,AR,2021-04-19 05:27:49
84,Kavieng,-2.5744,150.7967,84.72,70,96,9.13,PG,2021-04-19 05:27:49
85,Codrington,-38.2667,141.9667,66.33,53,98,13.4,AU,2021-04-19 05:27:50
86,Hermanus,-34.4187,19.2345,63.0,91,100,3.0,ZA,2021-04-19 05:27:50
87,Upernavik,72.7868,-56.1549,-0.87,87,99,5.1,GL,2021-04-19 05:27:51
88,Port Alfred,-33.5906,26.891,70.99,72,3,22.75,ZA,2021-04-19 05:27:51
89,Cabedelo,-6.9811,-34.8339,71.6,100,75,3.44,BR,2021-04-19 05:27:51
90,Puerto Del Rosario,28.5004,-13.8627,64.4,72,75,12.66,ES,2021-04-19 05:27:52
91,Alihe,50.5667,123.7167,41.13,26,0,14.97,CN,2021-04-19 05:27:52
92,Batemans Bay,-35.7167,150.1833,66.99,75,6,1.99,AU,2021-04-19 05:27:53
93,Longyearbyen,78.2186,15.6401,35.6,87,75,1.14,SJ,2021-04-19 05:27:53
94,Nishihara,26.1842,127.7558,75.2,53,75,13.8,JP,2021-04-19 05:27:54
95,Axim,4.8699,-2.2405,77.34,85,100,3.85,GH,2021-04-19 05:27:54
96,Torbay,47.6666,-52.7314,36.0,100,90,2.3,CA,2021-04-19 05:27:55
97,Manzhouli,49.6,117.4333,44.22,9,1,10.42,CN,2021-04-19 05:27:55
98,Seoul,37.5683,126.9778,69.8,45,0,12.66,KR,2021-04-19 05:13:16
99,Mount Pleasant,32.7941,-79.8626,69.01,94,100,3.91,US,2021-04-19 05:27:55
100,Tessalit,20.1986,1.0114,74.98,14,0,9.69,ML,2021-04-19 05:27:56
101,Vanimo,-2.6741,141.3028,80.31,80,82,1.61,PG,2021-04-19 05:27:56
102,Sibolga,1.7427,98.7792,84.79,64,94,4.25,ID,2021-04-19 05:27:57
103,Bengkulu,-3.8004,102.2655,84.13,66,20,7.52,ID,2021-04-19 05:27:57
104,Tuktoyaktuk,69.4541,-133.0374,32.0,74,1,11.5,CA,2021-04-19 05:27:57
105,Cherskiy,68.75,161.3,22.39,81,58,10.92,RU,2021-04-19 05:27:58
106,Sobolevo,54.4299,31.8996,43.38,84,95,9.62,RU,2021-04-19 05:27:58
107,Butaritari,3.0707,172.7902,83.43,76,40,11.32,KI,2021-04-19 05:27:58
108,Bethel,41.3712,-73.414,48.0,77,90,3.11,US,2021-04-19 05:27:59
109,Joao Pinheiro,-17.7425,-46.1725,63.9,82,23,3.27,BR,2021-04-19 05:27:59
110,Rio Grande,-32.035,-52.0986,66.6,69,0,11.32,BR,2021-04-19 05:28:00
111,Kulhudhuffushi,6.6221,73.07,83.19,72,45,6.08,MV,2021-04-19 05:28:00
112,Coahuayana,18.7333,-103.6833,66.61,77,0,3.2,MX,2021-04-19 05:28:00
113,Asyut,27.181,31.1837,82.4,30,0,9.22,EG,2021-04-19 05:28:01
114,Comodoro Rivadavia,-45.8667,-67.5,62.6,63,0,1.14,AR,2021-04-19 05:28:01
115,Ust-Kulom,61.6864,53.6902,32.04,45,5,2.8,RU,2021-04-19 05:28:01
116,Victoria,22.2855,114.1577,75.0,64,99,5.99,HK,2021-04-19 05:26:50
117,Saint-Raymond,45.467,-73.6095,50.0,71,86,2.3,CA,2021-04-19 05:28:02
118,Ahipara,-35.1667,173.1667,63.16,60,95,7.85,NZ,2021-04-19 05:28:02
119,Zhadovka,53.5746,46.9498,42.57,69,100,16.15,RU,2021-04-19 05:28:03
120,Mar Del Plata,-38.0023,-57.5575,64.99,94,0,4.61,AR,2021-04-19 05:28:03
121,Kasamwa,-2.85,32.4333,65.14,91,83,7.43,TZ,2021-04-19 05:28:04
122,Kysyl-Syr,63.8986,122.7617,20.41,78,100,7.96,RU,2021-04-19 05:28:04
123,Saint-Georges,12.0564,-61.7485,78.8,78,20,9.22,GD,2021-04-19 05:28:05
124,Lebu,-37.6167,-73.65,55.85,88,54,11.7,CL,2021-04-19 05:28:05
125,Kutum,14.2,24.6667,73.9,8,73,4.56,SD,2021-04-19 05:28:06
126,Oksfjord,70.2396,22.3479,41.0,51,0,3.44,NO,2021-04-19 05:28:06
127,Manoharpur,27.3,75.95,93.2,17,20,3.44,IN,2021-04-19 05:28:06
128,Banjar,-8.19,114.9675,87.8,62,20,9.22,ID,2021-04-19 05:28:07
129,Hobart,-42.8794,147.3294,66.2,34,75,28.77,AU,2021-04-19 05:28:07
130,Narsaq,60.9167,-46.05,28.4,34,90,9.22,GL,2021-04-19 05:28:07
131,Inhambane,-23.865,35.3833,62.6,94,20,1.86,MZ,2021-04-19 05:28:08
132,Massillon,40.7967,-81.5215,42.8,81,75,3.02,US,2021-04-19 05:28:08
133,Lompoc,34.6391,-120.4579,48.2,93,0,6.96,US,2021-04-19 05:28:09
134,Salamanca,40.8333,-6.0,50.0,28,100,6.38,ES,2021-04-19 05:28:09
135,Quatre Cocos,-20.2078,57.7625,82.99,83,75,11.5,MU,2021-04-19 05:28:09
136,Beloha,-25.1667,45.05,66.92,68,0,12.95,MG,2021-04-19 05:28:10
137,Lavrentiya,65.5833,-171.0,29.82,88,85,5.84,RU,2021-04-19 05:28:10
138,Iqaluit,63.7506,-68.5145,15.8,73,90,3.44,CA,2021-04-19 05:28:11
139,Belluno,46.145,12.2214,42.01,83,100,3.78,IT,2021-04-19 05:28:11
140,Sharjah,25.3573,55.4033,78.8,44,0,4.61,AE,2021-04-19 05:28:11
141,Yushu,44.8,126.5333,69.4,17,1,13.82,CN,2021-04-19 05:25:04
142,Nuuk,64.1835,-51.7216,24.8,58,90,17.27,GL,2021-04-19 05:28:12
143,Tasiilaq,65.6145,-37.6368,14.0,62,0,4.61,GL,2021-04-19 05:28:13
144,Tefe,-3.3542,-64.7114,72.99,99,100,2.37,BR,2021-04-19 05:28:13
145,Ancud,-41.8697,-73.8203,57.2,100,90,17.27,CL,2021-04-19 05:28:13
146,Ritchie,-29.038,24.6028,44.6,87,0,3.44,ZA,2021-04-19 05:28:14
147,Aklavik,68.2191,-135.0107,48.2,48,68,4.61,CA,2021-04-19 05:28:14
148,Shimanovsk,52.0,127.7,42.28,25,36,21.07,RU,2021-04-19 05:28:15
149,Taft,31.7471,54.2088,71.6,28,75,4.61,IR,2021-04-19 05:28:15
150,Puerto Cabezas,14.0351,-83.3888,78.76,88,88,7.49,NI,2021-04-19 05:28:15
151,Lorengau,-2.0226,147.2712,84.4,69,98,9.46,PG,2021-04-19 05:28:16
152,Garmsar,35.2182,52.3409,76.84,18,44,3.27,IR,2021-04-19 05:28:16
153,Tuy Hoa,13.0833,109.3,87.06,58,96,9.51,VN,2021-04-19 05:28:17
154,Maracaju,-21.6144,-55.1683,71.44,53,54,3.74,BR,2021-04-19 05:28:17
155,Lufilufi,-13.8745,-171.5986,82.4,83,75,6.91,WS,2021-04-19 05:28:17
156,Saint George,37.1041,-113.5841,66.2,12,1,14.97,US,2021-04-19 05:28:18
157,Zelenoborskiy,66.845,32.3622,37.0,100,52,3.74,RU,2021-04-19 05:28:18
158,Charters Towers,-20.1,146.2667,82.06,49,52,14.14,AU,2021-04-19 05:28:19
159,Avarua,-21.2078,-159.775,80.6,78,75,12.66,CK,2021-04-19 05:28:19
160,Roald,62.5833,6.1333,43.0,81,0,8.05,NO,2021-04-19 05:28:19
161,Paamiut,61.994,-49.6678,29.89,91,100,20.69,GL,2021-04-19 05:28:20
162,Luderitz,-26.6481,15.1594,72.88,48,7,4.92,NA,2021-04-19 05:28:20
163,Cedar City,37.6775,-113.0619,46.99,24,1,4.61,US,2021-04-19 05:28:21
164,Schio,45.7124,11.3574,48.0,79,99,1.01,IT,2021-04-19 05:28:21
165,Thompson,55.7435,-97.8558,21.2,63,1,5.75,CA,2021-04-19 05:28:21
166,Fairbanks,64.8378,-147.7164,51.8,37,1,3.49,US,2021-04-19 05:28:22
167,Samagaltay,50.6022,95.0047,53.78,19,66,14.43,RU,2021-04-19 05:28:22
168,Mende,44.6667,3.5,30.02,90,75,7.11,FR,2021-04-19 05:28:23
169,Pangnirtung,66.1451,-65.7125,4.14,81,63,7.65,CA,2021-04-19 05:28:23
170,Alofi,-19.0595,-169.9187,78.8,69,20,4.61,NU,2021-04-19 05:28:24
171,Valparaiso,-33.0393,-71.6273,55.0,78,34,3.6,CL,2021-04-19 05:23:32
172,Pechora,65.1472,57.2244,24.62,71,74,5.37,RU,2021-04-19 05:28:24
173,Tamuin,21.9833,-98.75,68.83,44,100,6.04,MX,2021-04-19 05:28:25
174,Dunedin,-45.8742,170.5036,64.0,58,96,3.74,NZ,2021-04-19 05:28:25
175,Biltine,14.5333,20.9167,80.82,8,95,9.89,TD,2021-04-19 05:26:06
176,Baykit,61.67,96.37,30.54,91,100,8.9,RU,2021-04-19 05:28:26
177,Santa Rosa,14.3122,121.1114,93.0,49,75,11.5,PH,2021-04-19 05:28:26
178,Vao,-22.6667,167.4833,77.58,81,97,9.89,NC,2021-04-19 05:28:26
179,Cotonou,6.3654,2.4183,73.4,100,20,2.3,BJ,2021-04-19 05:28:27
180,Alice Springs,-23.7,133.8833,73.99,15,0,8.05,AU,2021-04-19 05:28:27
181,Nouakchott,18.0858,-15.9785,68.0,77,11,12.66,MR,2021-04-19 05:27:00
182,Boyolangu,-8.1181,111.8935,84.72,67,59,9.6,ID,2021-04-19 05:28:28
183,Ilulissat,69.2167,-51.1,12.2,52,35,25.32,GL,2021-04-19 05:28:28
184,Mahebourg,-20.4081,57.7,80.6,83,75,11.5,MU,2021-04-19 05:28:29
185,Meulaboh,4.1363,96.1285,83.86,64,92,2.53,ID,2021-04-19 05:28:29
186,Kirkwall,58.9848,-2.9587,44.6,87,100,5.75,GB,2021-04-19 05:28:29
187,Yenagoa,4.9247,6.2642,74.7,92,80,3.94,NG,2021-04-19 05:28:30
188,Yerkoy,39.6381,34.4672,59.67,65,100,3.2,TR,2021-04-19 05:28:30
189,Zhigansk,66.7697,123.3711,17.22,75,100,6.82,RU,2021-04-19 05:28:31
190,Camabatela,-8.1881,15.375,61.48,97,98,3.76,AO,2021-04-19 05:28:31
191,Bonnyville,54.2668,-110.735,32.0,55,40,11.5,CA,2021-04-19 05:28:31
192,Abu Samrah,35.3029,37.1841,78.57,26,100,8.55,SY,2021-04-19 05:28:32
193,Outram,1.2829,103.8379,84.2,70,40,5.75,MY,2021-04-19 05:28:32
194,Zhanakorgan,43.9098,67.2495,73.33,24,88,7.05,KZ,2021-04-19 05:28:32
195,Pevek,69.7008,170.3133,28.24,73,69,17.18,RU,2021-04-19 05:28:33
196,Ndele,8.4109,20.6473,75.25,67,95,4.45,CF,2021-04-19 05:28:33
197,Winnemucca,40.973,-117.7357,48.2,27,1,10.36,US,2021-04-19 05:28:34
198,Diego De Almagro,-26.3667,-70.05,60.3,57,0,0.81,CL,2021-04-19 05:28:34
199,Zabol,32.25,67.25,65.57,14,100,10.63,AF,2021-04-19 05:28:34
200,Bell Ville,-32.6259,-62.6887,64.99,97,0,3.0,AR,2021-04-19 05:28:35
201,Saint-Francois,46.4154,3.9054,39.99,93,75,3.44,FR,2021-04-19 05:28:35
202,Muzhi,65.3667,64.6667,18.1,75,99,8.55,RU,2021-04-19 05:28:36
203,Kodiak,57.79,-152.4072,46.4,71,20,9.69,US,2021-04-19 05:24:43
204,Kavaratti,10.5669,72.642,83.84,69,15,4.56,IN,2021-04-19 05:28:36
205,San Rafael,-34.6177,-68.3301,70.11,70,58,10.94,AR,2021-04-19 05:28:36
206,Kharagauli,42.0214,43.1977,64.4,77,75,13.8,GE,2021-04-19 05:28:37
207,Mkushi,-13.6202,29.3939,55.35,94,73,3.67,ZM,2021-04-19 05:28:37
208,Kharp,66.8014,65.8081,14.14,81,76,7.99,RU,2021-04-19 05:28:38
209,Mandalgovi,45.7625,106.2708,54.0,27,25,8.63,MN,2021-04-19 05:28:38
210,The Valley,18.217,-63.0578,79.0,78,20,8.05,AI,2021-04-19 05:28:38
211,Nador,35.174,-2.9287,59.0,88,40,4.72,MA,2021-04-19 05:27:25
212,Bathsheba,13.2167,-59.5167,78.8,61,20,19.57,BB,2021-04-19 05:28:39
213,Tobermory,45.2501,-81.6665,37.4,87,12,4.61,CA,2021-04-19 05:28:39
214,Shimoda,34.6667,138.95,64.4,42,20,5.75,JP,2021-04-19 05:28:40
215,Dikson,73.5069,80.5464,3.61,97,100,10.47,RU,2021-04-19 05:28:40
216,Awbari,26.5921,12.7805,64.13,26,6,15.55,LY,2021-04-19 05:28:41
217,Katsuura,35.1333,140.3,72.0,28,20,6.91,JP,2021-04-19 05:28:41
218,Vila Velha,-20.3297,-40.2925,75.2,83,0,3.44,BR,2021-04-19 05:28:41
219,Borzya,50.3833,116.5167,41.2,10,6,9.31,RU,2021-04-19 05:28:42
220,Palmer,42.1584,-72.3287,45.0,93,90,1.07,US,2021-04-19 05:28:42
221,Mangrol,21.1167,70.1167,87.19,55,3,11.72,IN,2021-04-19 05:28:43
222,Katherine,-14.4667,132.2667,91.4,27,0,12.66,AU,2021-04-19 05:28:43
223,Srednekolymsk,67.45,153.6833,29.86,73,25,7.4,RU,2021-04-19 05:28:43
224,Egvekinot,66.3167,-179.1667,27.12,93,100,6.89,RU,2021-04-19 05:28:44
225,Sur,22.5667,59.5289,85.96,45,94,4.12,OM,2021-04-19 05:28:44
226,Santa Vitoria Do Palmar,-33.5189,-53.3681,62.51,76,30,7.16,BR,2021-04-19 05:28:44
227,Dolgoye,52.8,37.2167,42.33,87,100,6.26,RU,2021-04-19 05:28:45
228,Puerto Leguizamo,-0.1934,-74.7819,72.57,98,100,5.17,CO,2021-04-19 05:28:45
229,Chara,56.9064,118.2631,17.13,51,35,3.65,RU,2021-04-19 05:28:46
230,Buzmeyin,38.0507,58.2056,77.0,29,75,11.5,TM,2021-04-19 05:28:46
231,Bilibino,68.0546,166.4372,25.57,85,86,18.57,RU,2021-04-19 05:28:46
232,Derbent,42.0678,48.2899,59.02,68,84,2.93,RU,2021-04-19 05:28:47
233,Kiruna,67.8557,20.2251,30.2,64,0,5.75,SE,2021-04-19 05:28:47
234,Royal Tunbridge Wells,51.1325,0.2633,34.0,89,0,2.17,GB,2021-04-19 05:28:48
235,Vagur,61.4732,-6.8119,41.47,82,100,0.6,FO,2021-04-19 05:28:48
236,Lata,40.1629,-8.3327,57.0,85,100,3.0,PT,2021-04-19 05:28:48
237,Riyadh,24.6877,46.7219,80.6,20,0,4.61,SA,2021-04-19 05:28:49
238,Kyshtovka,56.555,76.6271,18.28,57,100,13.76,RU,2021-04-19 05:28:49
239,West Bay,19.3667,-81.4167,81.0,79,3,1.01,KY,2021-04-19 05:28:50
240,Mnogovershinnyy,53.9353,139.9242,29.7,98,100,11.32,RU,2021-04-19 05:28:50
241,Praia Da Vitoria,38.7333,-27.0667,60.01,82,20,4.61,PT,2021-04-19 05:28:50
242,Basoko,1.2391,23.616,72.01,95,100,1.54,CD,2021-04-19 05:28:51
243,Chimore,-16.9833,-65.1333,71.6,97,70,1.14,BO,2021-04-19 05:28:51
244,Cairns,-16.9167,145.7667,75.2,94,90,10.36,AU,2021-04-19 05:28:52
245,Marsta,59.6216,17.8548,42.01,80,0,5.75,SE,2021-04-19 05:28:52
246,Hilo,19.7297,-155.09,75.2,69,90,5.75,US,2021-04-19 05:28:52
247,Sarangani,5.4033,125.4636,82.27,77,100,26.84,PH,2021-04-19 05:28:53
248,Port Lincoln,-34.7333,135.8667,66.36,53,27,16.89,AU,2021-04-19 05:28:53
249,Lipin Bor,60.2622,37.9763,35.71,68,4,8.75,RU,2021-04-19 05:28:54
250,Oussouye,12.485,-16.5469,71.55,75,48,4.65,SN,2021-04-19 05:28:54
251,Majene,-3.5403,118.9707,85.1,63,94,7.36,ID,2021-04-19 05:28:55
252,Dabola,10.75,-11.1167,79.05,60,90,3.62,GN,2021-04-19 05:28:56
253,Dungarpur,23.8333,73.7167,97.11,10,3,2.71,IN,2021-04-19 05:28:56
254,Mercedes,-34.6515,-59.4307,62.01,96,14,7.92,AR,2021-04-19 05:28:57
255,Cabo San Lucas,22.8909,-109.9124,69.01,77,1,14.72,MX,2021-04-19 05:26:12
256,Chuy,-33.6971,-53.4616,61.72,78,38,6.96,UY,2021-04-19 05:28:57
257,Magaria,12.9983,8.9099,78.6,10,100,3.83,NE,2021-04-19 05:28:58
258,Nanortalik,60.1432,-45.2371,30.33,52,62,5.53,GL,2021-04-19 05:28:58
259,Ginir,7.1333,40.7,59.56,80,100,1.21,ET,2021-04-19 05:28:58
260,Mandera,3.9366,41.867,82.67,62,43,11.99,KE,2021-04-19 05:28:59
261,Slave Lake,55.2834,-114.769,33.8,55,1,4.61,CA,2021-04-19 05:28:59
262,Hami,42.8,93.45,71.15,16,81,11.95,CN,2021-04-19 05:29:00
263,Nemuro,43.3236,145.575,55.4,41,75,8.05,JP,2021-04-19 05:29:00
264,Hasaki,35.7333,140.8333,72.0,21,20,10.36,JP,2021-04-19 05:29:01
265,Qasigiannguit,68.8193,-51.1922,12.2,52,37,25.32,GL,2021-04-19 05:29:01
266,Kamenka,51.3223,42.7678,53.01,71,83,6.53,RU,2021-04-19 05:29:02
267,Svetlogorsk,52.6333,29.7333,43.18,88,97,8.16,BY,2021-04-19 05:29:02
268,Namatanai,-3.6667,152.4333,86.07,66,91,7.2,PG,2021-04-19 05:29:02
269,Lumphat,13.4878,106.9816,94.71,44,52,2.95,KH,2021-04-19 05:29:03
270,Cockburn Town,21.4612,-71.1419,78.28,88,32,18.57,TC,2021-04-19 05:29:03
271,Qaanaaq,77.484,-69.3632,2.01,75,100,5.12,GL,2021-04-19 05:29:03
272,Serowe,-22.3833,26.7167,51.78,68,0,3.83,BW,2021-04-19 05:29:04
273,Oshikango,-17.4,15.8833,63.21,52,4,7.43,NA,2021-04-19 05:29:04
274,Chernyshevskiy,63.0128,112.4714,21.63,71,68,0.81,RU,2021-04-19 05:29:05
275,San Felipe,10.3399,-68.7425,73.44,90,100,5.77,VE,2021-04-19 05:29:05
276,Krasnoarmeysk,51.0239,45.6969,48.99,47,100,4.0,RU,2021-04-19 05:29:06
277,Turukhansk,65.8167,87.9833,23.09,75,72,12.53,RU,2021-04-19 05:29:06
278,North Bend,43.4065,-124.2243,46.99,93,90,1.61,US,2021-04-19 05:29:06
279,Cooma,-36.2333,149.1333,68.0,34,4,11.5,AU,2021-04-19 05:29:07
280,Nabire,-3.3667,135.4833,83.68,72,91,5.19,ID,2021-04-19 05:29:07
281,Sioux Lookout,50.1001,-91.917,24.8,74,90,8.05,CA,2021-04-19 05:29:08
282,Nara,34.6851,135.8049,68.0,45,20,6.91,JP,2021-04-19 05:29:08
283,Yazd,31.8972,54.3675,71.6,28,75,4.61,IR,2021-04-19 05:29:09
284,Hirara,24.8,125.2833,73.4,56,40,18.41,JP,2021-04-19 05:29:09
285,Santa Cruz,-17.8,-63.1667,69.08,91,7,3.04,BO,2021-04-19 05:29:10
286,Pitimbu,-7.4706,-34.8086,71.6,100,75,3.44,BR,2021-04-19 05:29:10
287,Parainen,60.3067,22.301,44.6,53,0,6.91,FI,2021-04-19 05:29:11
288,Sunrise Manor,36.2111,-115.0731,71.01,11,1,8.05,US,2021-04-19 05:29:11
289,Touros,-5.1989,-35.4608,75.2,94,40,4.61,BR,2021-04-19 05:29:11
290,Jose De Freitas,-4.7564,-42.5756,73.4,94,75,2.3,BR,2021-04-19 05:29:06
291,Atotonilco El Grande,20.2833,-98.6667,53.71,83,50,4.14,MX,2021-04-19 05:29:12
292,Santa Maria,-29.6842,-53.8069,59.54,95,1,7.52,BR,2021-04-19 05:29:12
293,Atar,20.5169,-13.0499,74.98,17,23,7.36,MR,2021-04-19 05:29:13
294,Catamarca,-28.4696,-65.7852,66.0,91,16,13.56,AR,2021-04-19 05:29:13
295,Kapit,2.0167,112.9333,91.11,49,37,3.36,MY,2021-04-19 05:29:14
296,Plettenberg Bay,-34.0527,23.3716,65.32,85,64,8.72,ZA,2021-04-19 05:29:14
297,Buriti Bravo,-5.8372,-43.8336,70.79,99,100,0.94,BR,2021-04-19 05:29:14
298,Balkhash,46.844,74.9804,66.2,32,0,13.42,KZ,2021-04-19 05:29:15
299,Itoigawa,37.0333,137.85,63.0,33,1,14.61,JP,2021-04-19 05:29:15
300,Benton Harbor,42.1167,-86.4542,53.6,37,90,5.75,US,2021-04-19 05:29:16
301,Nanlong,31.3533,106.0631,58.44,88,100,2.84,CN,2021-04-19 05:29:16
302,Te Anau,-45.4167,167.7167,54.63,80,88,7.58,NZ,2021-04-19 05:29:16
303,North Port,27.0442,-82.2359,79.0,90,100,6.64,US,2021-04-19 05:29:17
304,Hervey Bay,-25.2986,152.8535,77.0,54,0,4.0,AU,2021-04-19 05:29:17
305,Pimentel,-6.8367,-79.9342,66.0,84,88,4.0,PE,2021-04-19 05:29:18
306,Husavik,66.0449,-17.3389,33.8,55,40,6.91,IS,2021-04-19 05:29:18
307,Muscat,23.6139,58.5922,93.2,22,0,1.14,OM,2021-04-19 05:29:18
308,Namibe,-15.1961,12.1522,81.1,66,12,5.28,AO,2021-04-19 05:29:19
309,Vercelli,45.3231,8.4153,43.0,100,66,2.89,IT,2021-04-19 05:29:19
310,Aswan,24.0934,32.907,84.96,29,2,7.72,EG,2021-04-19 05:29:19
311,Murgab,37.4966,61.9714,75.2,31,0,9.22,TM,2021-04-19 05:29:20
312,Monte Alegre,-2.0078,-54.0692,72.25,97,100,0.65,BR,2021-04-19 05:29:20
313,Loutra,39.0569,26.545,62.6,82,40,8.05,GR,2021-04-19 05:29:21
314,Jamame,0.0722,42.7506,83.05,71,68,5.03,SO,2021-04-19 05:29:21
315,Ballesteros,18.4126,121.5152,76.35,74,99,13.4,PH,2021-04-19 05:29:22
316,Port Blair,11.6667,92.75,86.94,61,12,10.56,IN,2021-04-19 05:29:22
317,Vodnyy,63.5046,53.4095,30.9,48,26,4.07,RU,2021-04-19 05:29:22
318,Lagoa,39.05,-27.9833,60.57,84,95,10.65,PT,2021-04-19 05:29:23
319,Port Pirie,-33.1833,138.0167,73.4,31,40,6.91,AU,2021-04-19 05:29:23
320,Nisia Floresta,-6.0911,-35.2086,75.2,94,40,3.44,BR,2021-04-19 05:29:23
321,Rawson,-43.3002,-65.1023,66.63,43,74,14.23,AR,2021-04-19 05:29:24
322,Zirandaro,18.45,-100.9833,76.6,25,2,4.29,MX,2021-04-19 05:29:24
323,Clyde River,70.4692,-68.5914,3.2,92,90,11.5,CA,2021-04-19 05:29:25
324,Patu,-6.11,-37.6367,71.29,91,85,3.18,BR,2021-04-19 05:29:25
325,Salinopolis,-0.6136,-47.3561,77.29,86,100,4.43,BR,2021-04-19 05:29:25
326,Severomuysk,56.1481,113.4267,13.48,49,16,4.25,RU,2021-04-19 05:29:26
327,Tooele,40.5308,-112.2983,53.01,53,1,8.05,US,2021-04-19 05:29:26
328,Norman Wells,65.282,-126.8329,42.8,52,1,6.91,CA,2021-04-19 05:29:27
329,Salalah,17.0151,54.0924,84.2,70,40,4.61,OM,2021-04-19 05:29:27
330,Karratha,-20.7377,116.8463,87.37,47,0,11.05,AU,2021-04-19 05:29:28
331,Pacific Grove,36.6177,-121.9166,51.8,76,1,4.61,US,2021-04-19 05:29:28
332,Soure,-0.7167,-48.5233,75.58,87,100,1.72,BR,2021-04-19 05:29:28
333,Port Hardy,50.6996,-127.4199,50.0,87,1,3.44,CA,2021-04-19 05:29:29
334,Beringovskiy,63.05,179.3167,32.77,95,86,2.3,RU,2021-04-19 05:29:29
335,Thinadhoo,0.5333,72.9333,82.87,63,54,6.85,MV,2021-04-19 05:29:29
336,Ilo,-17.6394,-71.3375,66.7,81,12,4.36,PE,2021-04-19 05:29:30
337,Tocopilla,-22.092,-70.1979,65.71,71,11,4.05,CL,2021-04-19 05:29:30
338,Komsomolskiy,40.4272,71.7189,62.6,51,67,4.61,UZ,2021-04-19 05:29:31
339,Tabou,4.423,-7.3528,80.01,81,100,5.73,CI,2021-04-19 05:29:31
340,Sakakah,29.9697,40.2064,78.8,18,0,4.61,SA,2021-04-19 05:29:31
341,Pozhva,59.0912,56.0847,32.74,51,6,5.1,RU,2021-04-19 05:29:32
342,Aksarka,66.5606,67.7975,11.12,82,44,10.92,RU,2021-04-19 05:29:32
343,Leningradskiy,69.3833,178.4167,29.66,75,63,15.86,RU,2021-04-19 05:29:33
344,Hindaun,26.7167,77.0167,96.84,10,2,6.35,IN,2021-04-19 05:29:33
345,Yoichi,43.2039,140.7703,57.2,51,20,21.85,JP,2021-04-19 05:29:33
346,Sokoto,13.0609,5.239,82.96,34,23,9.08,NG,2021-04-19 05:29:34
347,Madaoua,14.073,5.96,81.18,17,42,3.56,NE,2021-04-19 05:29:34
348,Saint-Augustin,51.226,-58.6502,37.98,92,100,20.8,CA,2021-04-19 05:29:34
349,Port-Gentil,-0.7193,8.7815,78.8,94,75,2.3,GA,2021-04-19 05:29:35
350,Montoro,38.0241,-4.3834,54.0,76,0,3.44,ES,2021-04-19 05:29:35
351,Casablanca,33.5928,-7.6192,50.0,100,40,2.3,MA,2021-04-19 05:28:23
352,Nome,64.5011,-165.4064,37.0,75,90,2.71,US,2021-04-19 05:29:36
353,Ambilobe,-13.2,49.05,79.63,73,10,3.36,MG,2021-04-19 05:29:36
354,Cuencame,24.8711,-103.6964,61.65,35,1,5.82,MX,2021-04-19 05:29:37
355,Newport,51.5877,-2.9984,37.0,89,37,4.56,GB,2021-04-19 05:29:37
356,Concepcion Del Oro,24.6333,-101.4167,51.62,51,24,6.26,MX,2021-04-19 05:29:37
357,San Andres,12.5847,-81.7006,82.4,83,40,5.75,CO,2021-04-19 05:28:25
358,Vestmannaeyjar,63.4427,-20.2734,38.17,61,97,13.62,IS,2021-04-19 05:29:38
359,Hamilton,39.1834,-84.5333,50.0,81,90,3.44,US,2021-04-19 05:29:39
360,Saint Anthony,45.0205,-93.218,39.99,70,90,11.5,US,2021-04-19 05:29:39
361,Saldanha,-33.0117,17.9442,62.6,88,59,5.75,ZA,2021-04-19 05:29:39
362,Olafsvik,64.8945,-23.7142,33.66,80,100,12.59,IS,2021-04-19 05:29:40
363,Laguna,38.421,-121.4238,69.8,42,1,4.61,US,2021-04-19 05:29:40
364,Maragogi,-9.0122,-35.2225,76.15,83,80,2.39,BR,2021-04-19 05:26:29
365,Sola,-13.8833,167.55,83.23,73,43,9.06,VU,2021-04-19 05:29:41
366,Amahai,-3.3333,128.9167,85.44,65,79,8.41,ID,2021-04-19 05:29:41
367,Berlevag,70.8578,29.0864,39.2,56,0,12.66,NO,2021-04-19 05:29:42
368,Bucerias,20.75,-105.3333,73.4,78,1,2.48,MX,2021-04-19 05:29:42
369,Novobirilyussy,56.9514,90.6661,33.48,83,97,17.6,RU,2021-04-19 05:29:42
370,Adwa,14.1646,38.8955,70.36,34,71,18.28,ET,2021-04-19 05:29:43
371,Senneterre,48.3835,-77.2328,35.6,60,1,4.61,CA,2021-04-19 05:29:43
372,Duku,11.2361,4.9073,82.35,51,92,4.79,NG,2021-04-19 05:29:43
373,Lashio,22.9333,97.75,88.65,27,45,5.23,MM,2021-04-19 05:29:44
374,Rock Springs,41.5875,-109.2029,43.0,36,1,16.11,US,2021-04-19 05:29:44
375,Bambous Virieux,-20.3428,57.7575,82.99,83,75,11.5,MU,2021-04-19 05:29:45
376,Talnakh,69.4865,88.3972,3.78,85,53,5.5,RU,2021-04-19 05:29:45
377,Alta Floresta,-9.8756,-56.0861,70.43,97,100,1.54,BR,2021-04-19 05:29:46
378,Kudahuvadhoo,2.6708,72.8944,82.89,65,19,8.77,MV,2021-04-19 05:29:46
379,Fujin,47.26,132.0322,65.17,22,0,15.97,CN,2021-04-19 05:29:46
380,Jian,27.1172,114.9793,64.35,81,98,1.59,CN,2021-04-19 05:29:47
381,Nyuksenitsa,60.4128,44.2397,36.32,51,5,7.72,RU,2021-04-19 05:29:47
382,Laurel,39.0993,-76.8483,53.01,71,90,4.18,US,2021-04-19 05:29:48
383,Caraballeda,10.6112,-66.8522,80.6,78,75,11.12,VE,2021-04-19 05:29:48
384,La Rioja,42.25,-2.5,45.0,87,0,6.44,ES,2021-04-19 05:29:48
385,Kindu,-2.95,25.95,70.93,97,100,1.61,CD,2021-04-19 05:29:06
386,Kielce,50.8703,20.6275,45.0,1,100,3.11,PL,2021-04-19 05:29:49
387,Stillwater,36.1156,-97.0584,45.0,81,1,6.11,US,2021-04-19 05:26:55
388,Mkokotoni,-5.8767,39.2547,77.0,83,75,10.36,TZ,2021-04-19 05:29:50
389,Marrakesh,31.6315,-8.0083,57.2,82,0,3.44,MA,2021-04-19 05:29:14
390,Allanridge,-27.7543,26.6438,56.08,51,0,2.75,ZA,2021-04-19 05:29:50
391,Mersing,2.4312,103.8405,91.4,75,40,9.22,MY,2021-04-19 05:29:50
392,Bonga,7.2833,36.2333,63.93,76,83,2.26,ET,2021-04-19 05:28:05
393,Tateyama,34.9833,139.8667,68.0,42,20,5.75,JP,2021-04-19 05:29:51
394,Umm Lajj,25.0213,37.2685,86.97,39,0,4.68,SA,2021-04-19 05:29:51
395,Jacareacanga,-6.2222,-57.7528,71.19,99,97,2.04,BR,2021-04-19 05:29:52
396,Trinidad,-14.8333,-64.9,72.93,95,32,2.37,BO,2021-04-19 05:29:52
397,Bartlesville,36.7473,-95.9808,39.2,93,1,4.29,US,2021-04-19 05:25:59
398,Sungaipenuh,-2.0833,101.3833,77.09,64,25,4.88,ID,2021-04-19 05:27:09
399,Kieta,-6.2167,155.6333,85.66,78,62,6.76,PG,2021-04-19 05:29:53
400,Tarko-Sale,64.9225,77.785,1.99,66,61,5.99,RU,2021-04-19 05:29:53
401,Duayaw Nkwanta,7.1724,-2.1028,70.79,94,100,1.43,GH,2021-04-19 05:29:54
402,Cassilandia,-19.1133,-51.7342,68.83,62,53,2.35,BR,2021-04-19 05:29:54
403,Itarema,-2.9248,-39.9167,75.81,92,99,7.87,BR,2021-04-19 05:29:54
404,Kenora,49.8167,-94.4337,26.6,63,90,13.8,CA,2021-04-19 05:29:55
405,Silver City,32.7701,-108.2803,44.6,53,75,6.91,US,2021-04-19 05:29:55
406,Gilbues,-9.8317,-45.3439,70.75,88,100,0.13,BR,2021-04-19 05:29:56
407,Fasa,28.9383,53.6482,75.2,27,0,13.8,IR,2021-04-19 05:29:56
408,Urucara,-2.5364,-57.76,71.49,99,100,2.42,BR,2021-04-19 05:29:56
409,Floro,61.5996,5.0328,41.0,87,0,6.91,NO,2021-04-19 05:29:57
410,Iquitos,-3.7481,-73.2472,73.4,94,75,3.44,PE,2021-04-19 05:29:57
411,Burnie,-41.0667,145.9167,61.0,70,92,10.0,AU,2021-04-19 05:29:57
412,Loikaw,19.6742,97.2094,90.37,30,0,1.63,MM,2021-04-19 05:29:58
413,Belyy Yar,53.6039,91.3903,53.6,43,0,31.32,RU,2021-04-19 05:29:58
414,Half Moon Bay,37.4636,-122.4286,55.99,67,1,4.61,US,2021-04-19 05:29:59
415,Killin,33.6123,-91.7412,46.4,93,1,4.05,US,2021-04-19 05:29:59
416,Bihoro,43.8228,144.1044,53.6,43,75,12.66,JP,2021-04-19 05:29:59
417,Chicama,-7.8447,-79.1469,69.75,79,93,5.44,PE,2021-04-19 05:30:00
418,Gongzhuling,43.5008,124.8198,71.89,15,57,14.23,CN,2021-04-19 05:30:00
419,Makakilo City,21.3469,-158.0858,75.2,64,1,8.05,US,2021-04-19 05:30:02
420,Isangel,-19.55,169.2667,87.8,74,40,6.91,VU,2021-04-19 05:30:04
421,Picos,-7.0769,-41.4669,70.34,94,96,1.79,BR,2021-04-19 05:30:04
422,Katobu,-4.9408,122.5276,86.5,58,90,6.53,ID,2021-04-19 05:30:05
423,Melnikovo,56.5558,84.085,19.0,79,100,14.12,RU,2021-04-19 05:30:05
424,Neuquen,-38.9516,-68.0591,62.6,88,0,3.44,AR,2021-04-19 05:29:02
425,Opuwo,-18.0607,13.84,69.26,45,77,11.52,NA,2021-04-19 05:30:06
426,Birnin Kebbi,12.4539,4.1975,83.57,47,50,7.9,NG,2021-04-19 05:30:06
427,Omaruru,-21.4333,15.9333,63.3,62,46,5.7,NA,2021-04-19 05:30:06
428,Cidreira,-30.1811,-50.2056,71.04,64,50,8.97,BR,2021-04-19 05:30:07
429,Hillsboro,45.5229,-122.9898,61.0,41,1,9.22,US,2021-04-19 05:28:26
430,Acapulco,16.8634,-99.8901,74.98,64,7,6.38,MX,2021-04-19 05:30:07
431,Kitami,43.8031,143.8908,53.6,43,75,12.66,JP,2021-04-19 05:30:08
432,Bridlington,54.0831,-0.1919,35.01,86,6,1.21,GB,2021-04-19 05:30:08
433,Lazaro Cardenas,17.9583,-102.2,70.81,73,3,5.7,MX,2021-04-19 05:30:09
434,Flinders,-34.5833,150.8552,75.0,53,6,1.99,AU,2021-04-19 05:30:09
435,Bergerac,44.8333,0.5,39.0,100,37,2.3,FR,2021-04-19 05:30:09
436,Taoudenni,22.6783,-3.9836,74.86,12,7,13.18,ML,2021-04-19 05:30:10
437,Pucallpa,-8.3791,-74.5539,73.62,87,78,1.95,PE,2021-04-19 05:30:10
438,Mana,5.6592,-53.7767,75.65,87,83,8.68,GF,2021-04-19 05:30:11
439,Provost,52.3501,-110.2683,32.0,93,88,6.91,CA,2021-04-19 05:30:11
440,Warrnambool,-38.3833,142.4833,62.01,75,96,8.01,AU,2021-04-19 05:30:11
441,Jiaojiang,28.6803,121.4428,75.99,35,16,4.0,CN,2021-04-19 05:30:12
442,Anadyr,64.75,177.4833,24.8,80,75,4.47,RU,2021-04-19 05:30:12
443,Panama City,8.9936,-79.5197,75.2,94,75,1.14,PA,2021-04-19 05:30:12
444,Novopokrovka,49.8425,36.5477,42.8,100,75,6.71,UA,2021-04-19 05:30:13
445,Praia,14.9215,-23.5087,68.0,83,20,12.66,CV,2021-04-19 05:30:13
446,Najran,17.4924,44.1277,77.0,22,0,5.75,SA,2021-04-19 05:30:14
447,Plover,44.4564,-89.544,51.01,66,90,10.36,US,2021-04-19 05:30:14
448,Morondava,-20.2833,44.2833,77.97,66,53,4.85,MG,2021-04-19 05:30:14
449,Kuli,42.0185,47.2434,62.6,82,75,4.61,RU,2021-04-19 05:30:15
450,Dauriya,49.9333,116.8667,44.38,9,4,9.31,RU,2021-04-19 05:30:15
451,Dingle,10.9995,122.6711,86.76,55,100,11.77,PH,2021-04-19 05:30:16
452,Asau,46.4333,26.4,43.0,64,100,0.22,RO,2021-04-19 05:30:16
453,Luwuk,-0.9516,122.7875,84.11,70,100,1.77,ID,2021-04-19 05:30:16
454,Necochea,-38.5473,-58.7368,63.0,95,42,10.0,AR,2021-04-19 05:30:17
455,Nanakuli,21.3906,-158.1547,75.2,64,1,8.05,US,2021-04-19 05:30:17
456,Simao,22.7886,100.9748,86.88,20,5,7.36,CN,2021-04-19 05:30:18
457,Mount Gambier,-37.8333,140.7667,62.6,67,90,13.8,AU,2021-04-19 05:30:18
458,Okhotsk,59.3833,143.3,33.19,99,100,10.58,RU,2021-04-19 05:30:18
459,Cikampek,-6.4197,107.4558,89.6,55,40,6.91,ID,2021-04-19 05:30:19
460,Hambantota,6.1241,81.1185,89.6,70,40,11.5,LK,2021-04-19 05:30:19
461,Coquimbo,-29.9533,-71.3436,55.4,88,90,6.91,CL,2021-04-19 05:30:20
462,Coihaique,-45.5752,-72.0662,51.8,82,75,14.97,CL,2021-04-19 05:30:20
463,Hovd,48.0056,91.6419,57.42,16,88,8.9,MN,2021-04-19 05:30:20
464,Bystryy Istok,52.371,84.3873,33.1,55,100,9.04,RU,2021-04-19 05:30:21
465,Kharitonovo,61.4009,47.4978,38.5,43,12,4.16,RU,2021-04-19 05:30:21
466,Walvis Bay,-22.9575,14.5053,81.0,46,8,3.0,NA,2021-04-19 05:30:21
467,Kuytun,54.3419,101.5036,50.45,39,97,16.31,RU,2021-04-19 05:30:22
468,Lagos De Moreno,21.35,-101.9167,68.0,13,1,6.91,MX,2021-04-19 05:30:22
469,Xingyi,24.1877,102.817,74.79,34,17,14.97,CN,2021-04-19 05:30:23
470,Petatlan,17.5167,-101.2667,70.0,68,2,4.03,MX,2021-04-19 05:30:14
471,Mpika,-11.8343,31.4529,57.96,89,99,10.92,ZM,2021-04-19 05:30:23
472,Saint-Gabriel,46.3001,-73.3824,48.2,71,97,6.91,CA,2021-04-19 05:30:24
473,Velke Pavlovice,48.9047,16.8161,44.01,75,20,9.22,CZ,2021-04-19 05:30:24
474,Fortuna,40.5982,-124.1573,50.0,100,90,3.44,US,2021-04-19 05:30:24
475,Ust-Maya,60.4167,134.5333,36.01,95,100,6.06,RU,2021-04-19 05:30:25
476,Tacna,-18.0056,-70.2483,66.2,68,90,5.75,PE,2021-04-19 05:30:25
477,Westport,41.1415,-73.3579,48.2,81,1,5.03,US,2021-04-19 05:29:02
478,Maine-Soroa,13.2114,12.0241,83.35,8,97,3.58,NE,2021-04-19 05:30:26
479,Abu Dhabi,24.4667,54.3667,82.4,47,0,3.44,AE,2021-04-19 05:29:06
480,Denpasar,-8.65,115.2167,87.8,62,20,9.22,ID,2021-04-19 05:28:07
481,Los Llanos De Aridane,28.6585,-17.9182,64.4,68,0,12.66,ES,2021-04-19 05:30:26
482,Bandarban,22.1965,92.2262,87.8,66,40,9.22,BD,2021-04-19 05:30:27
483,Chamba,32.5667,76.1333,76.95,22,46,7.34,IN,2021-04-19 05:30:27
484,College,64.8569,-147.8028,51.8,49,20,3.71,US,2021-04-19 05:30:28
485,Vaxjo,56.8777,14.8091,39.0,75,30,8.05,SE,2021-04-19 05:30:28
486,Tocache,-8.1842,-76.5125,69.46,98,100,0.51,PE,2021-04-19 05:30:29
487,Sosnovoborsk,56.1325,93.3589,37.4,87,75,24.61,RU,2021-04-19 05:30:29
488,Teruel,40.6667,-0.6667,42.8,86,0,2.3,ES,2021-04-19 05:30:08
489,Oranjemund,-28.55,16.4333,64.15,76,28,7.05,NA,2021-04-19 05:30:30
490,Arman,59.7,150.1667,36.97,89,100,7.45,RU,2021-04-19 05:30:30
491,Aykino,62.2248,49.9922,36.95,41,17,0.87,RU,2021-04-19 05:30:31
492,Tolaga Bay,-38.3667,178.3,59.52,67,67,4.05,NZ,2021-04-19 05:30:31
493,Reyes,-14.3167,-67.3833,71.04,99,67,1.19,BO,2021-04-19 05:30:31
494,Cranbrook,49.4999,-115.7688,33.8,93,75,3.44,CA,2021-04-19 05:29:43
495,Kattivakkam,13.2167,80.3167,91.4,58,20,5.75,IN,2021-04-19 05:30:32
496,Sergeyevka,53.88,67.4158,29.14,34,14,12.55,KZ,2021-04-19 05:30:32
497,San Miguel,13.4833,-88.1833,78.48,80,96,0.25,SV,2021-04-19 05:30:33
498,Dongli,23.5656,116.8194,77.0,41,0,6.71,CN,2021-04-19 05:30:33
499,Balkanabat,39.5108,54.3671,75.63,24,100,8.52,TM,2021-04-19 05:30:33
500,Yulara,-25.2406,130.9889,75.2,20,0,4.61,AU,2021-04-19 05:30:34
501,Shingu,33.7333,135.9833,66.2,39,0,16.11,JP,2021-04-19 05:30:34
502,Sorong,-0.8833,131.25,82.56,71,86,4.92,ID,2021-04-19 05:30:35
503,Tigzirt,36.8886,4.1198,50.43,56,0,6.93,DZ,2021-04-19 05:30:35
504,Bubaque,11.2833,-15.8333,77.38,68,70,9.4,GW,2021-04-19 05:30:35
505,Cortland,42.6001,-76.083,41.0,100,40,3.56,US,2021-04-19 05:30:36
506,Moorhead,46.8739,-96.7676,30.2,64,90,16.08,US,2021-04-19 05:30:36
507,Mazagao,-0.115,-51.2894,75.2,100,40,3.44,BR,2021-04-19 05:30:37
508,Varhaug,58.6147,5.6457,48.99,81,0,1.14,NO,2021-04-19 05:30:37
509,Sambava,-14.2667,50.1667,79.12,82,84,16.6,MG,2021-04-19 05:30:37
510,Akhtanizovskaya,45.32,37.1,55.0,87,90,11.18,RU,2021-04-19 05:30:38
511,Sao Joao Da Barra,-21.6403,-41.0511,72.34,87,61,10.02,BR,2021-04-19 05:30:38
512,Camacha,33.0833,-16.3333,60.8,77,20,8.05,PT,2021-04-19 05:30:39
513,Batouri,4.4333,14.3667,70.29,95,100,1.92,CM,2021-04-19 05:30:39
514,Jackson,42.4165,-122.8345,71.6,24,1,6.91,US,2021-04-19 05:30:08
515,Tamandare,-8.7597,-35.1047,76.32,82,73,1.7,BR,2021-04-19 05:30:40
516,Khor,47.8861,134.9464,57.69,36,95,6.93,RU,2021-04-19 05:30:40
517,Mmabatho,-25.85,25.6333,48.2,81,0,2.3,ZA,2021-04-19 05:30:40
518,Rosarito,32.3333,-117.0333,69.8,19,1,11.5,MX,2021-04-19 05:30:41
519,Mackay,-21.15,149.2,80.6,69,37,16.11,AU,2021-04-19 05:30:41
520,Beyneu,45.3167,55.2,70.61,35,57,13.44,KZ,2021-04-19 05:30:42
521,Toora-Khem,52.4675,96.11,56.35,32,36,13.62,RU,2021-04-19 05:30:42
522,Ambunti,-4.2365,142.8448,88.56,56,68,2.66,PG,2021-04-19 05:30:43
523,Raga,8.4596,25.678,84.42,45,95,6.46,SS,2021-04-19 05:30:43
524,Perth,-31.9333,115.8333,73.99,49,40,14.97,AU,2021-04-19 05:28:24
525,Gizo,-8.103,156.8419,82.69,79,89,15.61,SB,2021-04-19 05:30:44
526,Haines Junction,60.7522,-137.5108,39.2,52,19,1.14,CA,2021-04-19 05:30:44
527,Lumsden,50.6501,-104.8678,26.6,54,1,4.61,CA,2021-04-19 05:30:45
528,Rovinj,45.08,13.64,48.99,71,0,8.05,HR,2021-04-19 05:30:45
529,Jalu,29.0331,21.5482,73.35,41,100,24.79,LY,2021-04-19 05:30:45
530,Kifri,34.6959,44.9661,84.54,24,35,10.65,IQ,2021-04-19 05:30:46
531,Northam,51.0333,-4.2167,42.01,31,70,5.55,GB,2021-04-19 05:30:46
532,Ust-Omchug,61.15,149.6333,33.03,90,99,2.75,RU,2021-04-19 05:30:47
533,Zyryanka,65.75,150.85,33.01,87,40,6.06,RU,2021-04-19 05:30:47
534,Dekar,-21.5333,21.9333,59.77,50,0,7.65,BW,2021-04-19 05:30:48
535,Lethem,3.3803,-59.7968,74.75,75,90,9.37,GY,2021-04-19 05:30:48
536,Adrar,20.5022,-10.0711,73.49,11,18,7.16,MR,2021-04-19 05:30:48
537,Havelock,34.8791,-76.9013,59.0,88,1,3.89,US,2021-04-19 05:30:49
538,Gornyatskiy,48.2915,40.9575,53.38,74,99,6.31,RU,2021-04-19 05:30:49
539,Diffa,13.3154,12.6113,84.25,10,99,6.71,NE,2021-04-19 05:30:49
540,Stodolishche,54.1859,32.6492,43.32,87,91,11.1,RU,2021-04-19 05:30:50
541,Baruun-Urt,46.6806,113.2792,52.29,12,2,6.89,MN,2021-04-19 05:30:50
542,Ilhabela,-23.7781,-45.3581,70.43,88,75,7.96,BR,2021-04-19 05:30:51
543,Turayf,31.6725,38.6637,73.4,31,0,9.22,SA,2021-04-19 05:30:51
544,Awjilah,29.1081,21.2869,72.68,43,97,25.12,LY,2021-04-19 05:30:52
545,Cururupu,-1.8283,-44.8683,74.05,97,100,2.68,BR,2021-04-19 05:30:52
546,Gat,31.61,34.7642,84.0,44,0,1.14,IL,2021-04-19 05:30:53
547,Babu,24.4167,111.5167,65.57,97,100,1.45,CN,2021-04-19 05:30:54
548,Wajid,3.8093,43.2471,83.68,58,6,8.99,SO,2021-04-19 05:30:54
549,Rabo De Peixe,37.8,-25.5833,59.0,88,20,4.61,PT,2021-04-19 05:30:54
550,Waitati,-45.75,170.5667,62.01,61,97,1.01,NZ,2021-04-19 05:30:55
551,Gurlan,41.8447,60.3919,73.4,33,0,6.91,UZ,2021-04-19 05:30:55
552,Bandarbeyla,9.4942,50.8122,84.96,69,15,10.69,SO,2021-04-19 05:30:56
553,Aransas Pass,27.9095,-97.15,63.0,67,1,4.61,US,2021-04-19 05:27:37
554,Umm Kaddadah,13.6017,26.6876,85.53,6,36,9.46,SD,2021-04-19 05:30:56
555,Yima,34.7381,111.8839,74.8,32,1,11.61,CN,2021-04-19 05:30:57
556,Wenatchee,47.4235,-120.3103,68.0,22,1,17.27,US,2021-04-19 05:28:39
